{
  "config": {
    "model_name": "gpt2",
    "device": "cpu",
    "n_prompts": 100,
    "max_tokens": 400,
    "seed": 42,
    "output_json": "research_final/results/results_100p_400t.json"
  },
  "summary": {
    "baseline": {
      "clean": {
        "auc": 0.9809,
        "accuracy": 0.925
      },
      "attacked": {
        "auc_mean": 0.9383333333333335,
        "auc_ci_low": 0.9282499999999999,
        "auc_ci_high": 0.94515,
        "accuracy_mean": 0.89,
        "accuracy_ci_low": 0.86,
        "accuracy_ci_high": 0.91,
        "auc_by_attack": {
          "paraphrase": 0.92825,
          "shuffle": 0.94515,
          "deletion": 0.9416
        },
        "accuracy_by_attack": {
          "paraphrase": 0.86,
          "shuffle": 0.91,
          "deletion": 0.9
        }
      },
      "calibration": {
        "mean_p_value": 0.0003211580530857516,
        "brier_proxy": 5.073267077578311e-06
      },
      "efficiency": {
        "mean_latency_sec": 99.9817881879583,
        "p95_latency_sec": 154.29978926684709,
        "mean_tokens_per_sec": 3.800856604692779
      }
    },
    "multibit": {
      "clean": {
        "auc": 0.9277,
        "accuracy": 0.875
      },
      "attacked": {
        "auc_mean": 0.8224333333333332,
        "auc_ci_low": 0.7715,
        "auc_ci_high": 0.8528666666666668,
        "accuracy_mean": 0.7050000000000001,
        "accuracy_ci_low": 0.64,
        "accuracy_ci_high": 0.77,
        "auc_by_attack": {
          "paraphrase": 0.7715,
          "shuffle": 0.833,
          "deletion": 0.8628
        },
        "accuracy_by_attack": {
          "paraphrase": 0.64,
          "shuffle": 0.705,
          "deletion": 0.77
        }
      },
      "calibration": {
        "mean_p_value": 0.012100744423600913,
        "brier_proxy": 0.08921204929458457
      },
      "efficiency": {
        "mean_latency_sec": 97.56754421204329,
        "p95_latency_sec": 155.062075933069,
        "mean_tokens_per_sec": 3.739212974498318
      }
    },
    "pcm": {
      "clean": {
        "auc": 0.9787,
        "accuracy": 0.935
      },
      "attacked": {
        "auc_mean": 0.6481833333333333,
        "auc_ci_low": 0.62225,
        "auc_ci_high": 0.6657500000000001,
        "accuracy_mean": 0.5733333333333334,
        "accuracy_ci_low": 0.56,
        "accuracy_ci_high": 0.58,
        "auc_by_attack": {
          "paraphrase": 0.62225,
          "shuffle": 0.64735,
          "deletion": 0.67495
        },
        "accuracy_by_attack": {
          "paraphrase": 0.56,
          "shuffle": 0.58,
          "deletion": 0.58
        }
      },
      "calibration": {
        "mean_p_value": 0.036706318545605555,
        "brier_proxy": 0.00891608587122947
      },
      "efficiency": {
        "mean_latency_sec": 83.50291026867926,
        "p95_latency_sec": 137.96403962150217,
        "mean_tokens_per_sec": 4.477363777841951
      }
    }
  },
  "quality": {
    "plain": {
      "distinct_1": 0.21179361179361178,
      "distinct_2": 0.5539745778789603,
      "mean_perplexity": 18.581999140977405,
      "bleu_vs_plain": 1.0
    },
    "baseline": {
      "distinct_1": 0.22889987268778553,
      "distinct_2": 0.5864466661655265,
      "mean_perplexity": 10.400625301253562,
      "bleu_vs_plain": 0.033986710914277046
    },
    "multibit": {
      "distinct_1": 0.22334127777350657,
      "distinct_2": 0.5927297985644825,
      "mean_perplexity": 22.24644101883995,
      "bleu_vs_plain": 0.028664804712626776
    },
    "pcm": {
      "distinct_1": 0.26680518680980414,
      "distinct_2": 0.6970528023484878,
      "mean_perplexity": 22.114841356043247,
      "bleu_vs_plain": 0.02946961489977267
    }
  },
  "attacks": {
    "paraphrase": 0.2,
    "shuffle": 0.5,
    "deletion": 0.1
  }
}