{
  "config": {
    "model_name": "gpt2",
    "device": "cpu",
    "n_prompts": 75,
    "max_tokens": 600,
    "seed": 42,
    "output_json": "research_final/results/results.json"
  },
  "summary": {
    "baseline": {
      "clean": {
        "auc": 0.9866666666666667,
        "accuracy": 0.9466666666666667
      },
      "attacked": {
        "auc_mean": 0.48263703703703703,
        "auc_ci_low": 0.45280000000000004,
        "auc_ci_high": 0.5037333333333334,
        "accuracy_mean": 0.4955555555555556,
        "accuracy_ci_low": 0.48666666666666664,
        "accuracy_ci_high": 0.5066666666666667,
        "auc_by_attack": {
          "paraphrase": 0.4528,
          "shuffle": 0.5037333333333334,
          "deletion": 0.4913777777777778
        },
        "accuracy_by_attack": {
          "paraphrase": 0.49333333333333335,
          "shuffle": 0.5066666666666667,
          "deletion": 0.4866666666666667
        }
      },
      "calibration": {
        "mean_p_value": 0.016136959519299002,
        "brier_proxy": 0.03557188916474789
      },
      "efficiency": {
        "mean_latency_sec": 139.05725289300085,
        "p95_latency_sec": 233.42761297002434,
        "mean_tokens_per_sec": 3.930793969864147
      }
    },
    "multibit": {
      "clean": {
        "auc": 0.9719111111111111,
        "accuracy": 0.9333333333333333
      },
      "attacked": {
        "auc_mean": 0.5500444444444444,
        "auc_ci_low": 0.5203555555555556,
        "auc_ci_high": 0.5912888888888889,
        "accuracy_mean": 0.5044444444444444,
        "accuracy_ci_low": 0.5,
        "accuracy_ci_high": 0.5133333333333333,
        "auc_by_attack": {
          "paraphrase": 0.5203555555555556,
          "shuffle": 0.5912888888888889,
          "deletion": 0.5384888888888889
        },
        "accuracy_by_attack": {
          "paraphrase": 0.5,
          "shuffle": 0.5133333333333333,
          "deletion": 0.5
        }
      },
      "calibration": {
        "mean_p_value": 0.019513733380038676,
        "brier_proxy": 0.10011789385420827
      },
      "efficiency": {
        "mean_latency_sec": 145.98633518601457,
        "p95_latency_sec": 237.25100371539594,
        "mean_tokens_per_sec": 3.852412554496
      }
    },
    "pcm": {
      "clean": {
        "auc": 0.9861333333333333,
        "accuracy": 0.94
      },
      "attacked": {
        "auc_mean": 0.7137481481481481,
        "auc_ci_low": 0.6088888888888889,
        "auc_ci_high": 0.7708444444444446,
        "accuracy_mean": 0.6466666666666666,
        "accuracy_ci_low": 0.5266666666666666,
        "accuracy_ci_high": 0.7066666666666667,
        "auc_by_attack": {
          "paraphrase": 0.6088888888888889,
          "shuffle": 0.7708444444444444,
          "deletion": 0.7615111111111111
        },
        "accuracy_by_attack": {
          "paraphrase": 0.5266666666666666,
          "shuffle": 0.7066666666666667,
          "deletion": 0.7066666666666667
        }
      },
      "calibration": {
        "mean_p_value": 0.044318843731788495,
        "brier_proxy": 0.017475933498412664
      },
      "efficiency": {
        "mean_latency_sec": 116.25617460921407,
        "p95_latency_sec": 208.048949771747,
        "mean_tokens_per_sec": 4.664420682638818
      }
    }
  },
  "quality": {
    "plain": {
      "distinct_1": 0.19103773584905662,
      "distinct_2": 0.5102178686032764,
      "mean_perplexity": 18.864735140355048,
      "bleu_vs_plain": 1.0
    },
    "baseline": {
      "distinct_1": 0.2361946418808092,
      "distinct_2": 0.6179824561403509,
      "mean_perplexity": 13.007637545354166,
      "bleu_vs_plain": 0.015035707388042526
    },
    "multibit": {
      "distinct_1": 0.21301238795447677,
      "distinct_2": 0.5974017232094776,
      "mean_perplexity": 10.558182911814704,
      "bleu_vs_plain": 0.013773902073513212
    },
    "pcm": {
      "distinct_1": 0.24887478786984432,
      "distinct_2": 0.6687876882098331,
      "mean_perplexity": 17.963497792317703,
      "bleu_vs_plain": 0.009958141937925241
    }
  },
  "attacks": {
    "paraphrase": 0.3,
    "shuffle": 0.5,
    "deletion": 0.1
  }
}